date,product,category,sales
2023-01-01,Milk,Dairy,91.0
2023-01-02,Milk,Dairy,106.99500249940485
2023-01-03,Milk,Dairy,118.96007992385184
2023-01-04,Milk,Dairy,107.86560619984019
2023-01-05,Milk,Dairy,106.68255026925951
2023-01-06,Milk,Dairy,106.38276615812609
2023-01-07,Milk,Dairy,129.93927420185105
2023-01-08,Milk,Dairy,124.32653061713073
2023-01-09,Milk,Dairy,112.52068272698568
2023-01-10,Milk,Dairy,133.4998072888245
2023-01-11,Milk,Dairy,128.2441295442369
2023-01-12,Milk,Dairy,133.73622080184305
2023-01-13,Milk,Dairy,122.96117257901679
2023-01-14,Milk,Dairy,123.9067455625158
2023-01-15,Milk,Dairy,137.5634918996538
2023-01-16,Milk,Dairy,134.92484959812163
2023-01-17,Milk,Dairy,117.98720809124515
2023-01-18,Milk,Dairy,121.74994431357405
2023-01-19,Milk,Dairy,137.21542892634585
2023-01-20,Milk,Dairy,115.38900263062243
2023-01-21,Milk,Dairy,133.27892280477045
2023-01-22,Milk,Dairy,130.89628099946623
2023-01-23,Milk,Dairy,110.2548921145877
2023-01-24,Milk,Dairy,130.3711563653016
2023-01-25,Milk,Dairy,116.26389541653452
2023-01-26,Milk,Dairy,131.95416432311868
2023-01-27,Milk,Dairy,105.46504115464393
2023-01-28,Milk,Dairy,98.82139640701489
2023-01-29,Milk,Dairy,122.04964450467716
2023-01-30,Milk,Dairy,112.17747987641947
2023-01-31,Milk,Dairy,89.23360024179601
2023-02-01,Milk,Dairy,97.24741987299872
2023-02-02,Milk,Dairy,108.2487756971726
2023-02-03,Milk,Dairy,101.26762917570255
2023-02-04,Milk,Dairy,105.33376693919506
2023-02-05,Milk,Dairy,85.4765031693114
2023-02-06,Milk,Dairy,95.72438670115443
2023-02-07,Milk,Dairy,85.1049157727452
2023-02-08,Milk,Dairy,92.64426327171843
2023-02-09,Milk,Dairy,90.36701522448078
2023-02-10,Milk,Dairy,71.29592514076215
2023-02-11,Milk,Dairy,87.4516866680677
2023-02-12,Milk,Dairy,85.85272682759236
2023-02-13,Milk,Dairy,72.51502189751635
2023-02-14,Milk,Dairy,70.45193778331452
2023-02-15,Milk,Dairy,84.67409647004709
2023-02-16,Milk,Dairy,84.18926989099607
2023-02-17,Milk,Dairy,69.00230227307698
2023-02-18,Milk,Dairy,84.11506173492478
2023-02-19,Milk,Dairy,73.52642162127003
2023-02-20,Milk,Dairy,67.23227176010585
2023-02-21,Milk,Dairy,79.22555953016803
2023-02-22,Milk,Dairy,77.49636032839541
2023-02-23,Milk,Dairy,84.03197673328296
2023-02-24,Milk,Dairy,63.81706537332039
2023-02-25,Milk,Dairy,67.83379023288825
2023-02-26,Milk,Dairy,84.06200086383035
2023-02-27,Milk,Dairy,74.47943372207087
2023-02-28,Milk,Dairy,91.06193461758728
2023-03-01,Milk,Dairy,81.78370005509292
2023-03-02,Milk,Dairy,82.61753505403223
2023-03-03,Milk,Dairy,96.53512487183713
2023-03-04,Milk,Dairy,85.50731791547511
2023-03-05,Milk,Dairy,109.50441701453049
2023-03-06,Milk,Dairy,115.4964761455148
2023-03-07,Milk,Dairy,104.45359964263446
2023-03-08,Milk,Dairy,111.34624090540133
2023-03-09,Milk,Dairy,122.14549761849796
2023-03-10,Milk,Dairy,107.82340053415824
2023-03-11,Milk,Dairy,127.353192931646
2023-03-12,Milk,Dairy,124.70959796156367
2023-03-13,Milk,Dairy,107.86907120377629
2023-03-14,Milk,Dairy,127.8100359154746
2023-03-15,Milk,Dairy,137.51309861885693
2023-03-16,Milk,Dairy,125.96124287434881
2023-03-17,Milk,Dairy,140.13999930324218
2023-03-18,Milk,Dairy,120.0375901609446
2023-03-19,Milk,Dairy,125.64504701631
2023-03-20,Milk,Dairy,142.95630036123816
2023-03-21,Milk,Dairy,121.96824025519317
2023-03-22,Milk,Dairy,128.68074739870144
2023-03-23,Milk,Dairy,116.09669432535259
2023-03-24,Milk,Dairy,126.2219167003932
2023-03-25,Milk,Dairy,128.0651550126888
2023-03-26,Milk,Dairy,113.63796724264841
2023-03-27,Milk,Dairy,125.9546133787047
2023-03-28,Milk,Dairy,114.03191293622339
2023-03-29,Milk,Dairy,107.8890769024655
2023-03-30,Milk,Dairy,103.54751578675285
2023-03-31,Milk,Dairy,129.03062569373654
2023-04-01,Milk,Dairy,102.3635545572527
2023-04-02,Milk,Dairy,115.57295087048057
2023-04-03,Milk,Dairy,100.68669742300743
2023-04-04,Milk,Dairy,91.73363270521185
2023-04-05,Milk,Dairy,106.74326276360074
2023-04-06,Milk,Dairy,110.74546638614572
2023-04-07,Milk,Dairy,96.7701965633106
2023-04-08,Milk,Dairy,101.84718120767172
2023-04-09,Milk,Dairy,85.00562612244215
2023-04-10,Milk,Dairy,72.27392318674036
2023-04-11,Milk,Dairy,77.67936667331891
2023-04-12,Milk,Dairy,95.24788053321353
2023-04-13,Milk,Dairy,67.00375937219373
2023-04-14,Milk,Dairy,74.96942570709253
2023-04-15,Milk,Dairy,75.16520592743039
2023-04-16,Milk,Dairy,72.6091272008499
2023-04-17,Milk,Dairy,64.3167373516158
2023-04-18,Milk,Dairy,69.30094951189436
2023-04-19,Milk,Dairy,77.57191309800525
2023-04-20,Milk,Dairy,82.13691240080868
2023-04-21,Milk,Dairy,79.0002938034789
2023-04-22,Milk,Dairy,84.16342235388032
2023-04-23,Milk,Dairy,62.624668125460474
2023-04-24,Milk,Dairy,76.37942250293733
2023-04-25,Milk,Dairy,72.42014423005973
2023-04-26,Milk,Dairy,70.73643475934715
2023-04-27,Milk,Dairy,77.31514215093873
2023-04-28,Milk,Dairy,76.140492482429
2023-04-29,Milk,Dairy,84.19424745668633
2023-04-30,Milk,Dairy,89.455886632889
2023-05-01,Milk,Dairy,93.90281245998695
2023-05-02,Milk,Dairy,95.51057606396196
2023-05-03,Milk,Dairy,101.25312153289514
2023-05-04,Milk,Dairy,104.10304625902597
2023-05-05,Milk,Dairy,107.03187473655072
2023-05-06,Milk,Dairy,95.01034307946398
2023-05-07,Milk,Dairy,94.00869141663411
2023-05-08,Milk,Dairy,116.99696124259826
2023-05-09,Milk,Dairy,105.94529475304617
2023-05-10,Milk,Dairy,106.8242331741308
2023-05-11,Milk,Dairy,97.60501110479923
2023-05-12,Milk,Dairy,124.25984393117122
2023-05-13,Milk,Dairy,108.7622054412167
2023-05-14,Milk,Dairy,113.08709286589807
2023-05-15,Milk,Dairy,130.21127669857344
2023-05-16,Milk,Dairy,109.11353279654863
2023-05-17,Milk,Dairy,121.77485444569487
2023-05-18,Milk,Dairy,119.17864226925386
2023-05-19,Milk,Dairy,136.31087008332315
2023-05-20,Milk,Dairy,124.16022504184929
2023-05-21,Milk,Dairy,132.7182206708461
2023-05-22,Milk,Dairy,130.97928166243753
2023-05-23,Milk,Dairy,121.94079958149086
2023-05-24,Milk,Dairy,116.6031589282384
2023-05-25,Milk,Dairy,115.96973329647832
2023-05-26,Milk,Dairy,113.04685166574049
2023-05-27,Milk,Dairy,137.84373516421513
2023-05-28,Milk,Dairy,114.37240493428803
2023-05-29,Milk,Dairy,117.64756202125949
2023-05-30,Milk,Dairy,112.68644048535928
2023-05-31,Milk,Dairy,129.5086352047135
2023-06-01,Milk,Dairy,110.13590608979966
2023-06-02,Milk,Dairy,126.59196066561398
2023-06-03,Milk,Dairy,102.90221719391836
2023-06-04,Milk,Dairy,102.09355070237106
2023-06-05,Milk,Dairy,98.1940244581339
2023-06-06,Milk,Dairy,99.23260956898332
2023-06-07,Milk,Dairy,86.23889551357811
2023-06-08,Milk,Dairy,82.24279449316955
2023-06-09,Milk,Dairy,94.27424255877432
2023-06-10,Milk,Dairy,98.36290050004804
2023-06-11,Milk,Dairy,95.53785748447973
2023-06-12,Milk,Dairy,99.82734040804601
2023-06-13,Milk,Dairy,91.25843186139662
2023-06-14,Milk,Dairy,69.85679952956158
2023-06-15,Milk,Dairy,65.64643972892631
2023-06-16,Milk,Dairy,72.64943764397105
2023-06-17,Milk,Dairy,66.8857466594076
2023-06-18,Milk,Dairy,79.37298899255487
2023-06-19,Milk,Dairy,83.12627961796895
2023-06-20,Milk,Dairy,58.1580752436133
2023-06-21,Milk,Dairy,55.47804984755069
2023-06-22,Milk,Dairy,57.09299801875211
2023-06-23,Milk,Dairy,59.00676706780966
2023-06-24,Milk,Dairy,69.220218585881
2023-06-25,Milk,Dairy,68.73121983595527
2023-06-26,Milk,Dairy,58.534665062456284
2023-06-27,Milk,Dairy,57.622526506264464
2023-06-28,Milk,Dairy,62.98393461543256
2023-06-29,Milk,Dairy,85.60528665015535
2023-06-30,Milk,Dairy,84.47038259684972
2023-07-01,Milk,Dairy,77.560587033335
2023-07-02,Milk,Dairy,72.85501532781147
2023-07-03,Milk,Dairy,95.33074231119805
2023-07-04,Milk,Dairy,79.96303133784309
2023-07-05,Milk,Dairy,88.72558144591163
2023-07-06,Milk,Dairy,91.59079014790137
2023-07-07,Milk,Dairy,105.53002922557404
2023-07-08,Milk,Dairy,92.51393077364898
2023-07-09,Milk,Dairy,113.51268063420434
2023-07-10,Milk,Dairy,101.49631628988857
2023-07-11,Milk,Dairy,110.43502623948879
2023-07-12,Milk,Dairy,101.29944786459686
2023-07-13,Milk,Dairy,114.06096081118679
2023-07-14,Milk,Dairy,119.69197295473089
2023-07-15,Milk,Dairy,131.16619609158803
2023-07-16,Milk,Dairy,108.45890860204406
2023-07-17,Milk,Dairy,136.54720246056445
2023-07-18,Milk,Dairy,113.41021212521316
2023-07-19,Milk,Dairy,133.02932301925
2023-01-01,Bread,Bakery,91.0
2023-01-02,Bread,Bakery,99.99500249940485
2023-01-03,Bread,Bakery,104.96007992385184
2023-01-04,Bread,Bakery,103.86560619984019
2023-01-05,Bread,Bakery,124.68255026925951
2023-01-06,Bread,Bakery,102.38276615812609
2023-01-07,Bread,Bakery,113.93927420185106
2023-01-08,Bread,Bakery,110.32653061713073
2023-01-09,Bread,Bakery,132.52068272698568
2023-01-10,Bread,Bakery,126.4998072888245
2023-01-11,Bread,Bakery,131.2441295442369
2023-01-12,Bread,Bakery,138.73622080184305
2023-01-13,Bread,Bakery,113.96117257901679
2023-01-14,Bread,Bakery,122.9067455625158
2023-01-15,Bread,Bakery,126.5634918996538
2023-01-16,Bread,Bakery,143.92484959812163
2023-01-17,Bread,Bakery,138.98720809124515
2023-01-18,Bread,Bakery,134.74994431357405
2023-01-19,Bread,Bakery,119.21542892634585
2023-01-20,Bread,Bakery,140.38900263062243
2023-01-21,Bread,Bakery,139.27892280477045
2023-01-22,Bread,Bakery,121.89628099946621
2023-01-23,Bread,Bakery,120.2548921145877
2023-01-24,Bread,Bakery,126.3711563653016
2023-01-25,Bread,Bakery,134.26389541653452
2023-01-26,Bread,Bakery,131.95416432311868
2023-01-27,Bread,Bakery,110.46504115464393
2023-01-28,Bread,Bakery,122.82139640701489
2023-01-29,Bread,Bakery,117.04964450467716
2023-01-30,Bread,Bakery,119.17747987641947
2023-01-31,Bread,Bakery,113.23360024179601
2023-02-01,Bread,Bakery,92.24741987299872
2023-02-02,Bread,Bakery,112.2487756971726
2023-02-03,Bread,Bakery,80.26762917570255
2023-02-04,Bread,Bakery,77.33376693919506
2023-02-05,Bread,Bakery,98.4765031693114
2023-02-06,Bread,Bakery,97.72438670115443
2023-02-07,Bread,Bakery,98.1049157727452
2023-02-08,Bread,Bakery,90.64426327171843
2023-02-09,Bread,Bakery,83.36701522448078
2023-02-10,Bread,Bakery,74.29592514076215
2023-02-11,Bread,Bakery,68.4516866680677
2023-02-12,Bread,Bakery,60.85272682759236
2023-02-13,Bread,Bakery,63.51502189751635
2023-02-14,Bread,Bakery,61.45193778331452
2023-02-15,Bread,Bakery,62.67409647004709
2023-02-16,Bread,Bakery,81.18926989099607
2023-02-17,Bread,Bakery,63.00230227307698
2023-02-18,Bread,Bakery,84.11506173492478
2023-02-19,Bread,Bakery,59.52642162127003
2023-02-20,Bread,Bakery,56.232271760105846
2023-02-21,Bread,Bakery,75.22555953016803
2023-02-22,Bread,Bakery,67.49636032839541
2023-02-23,Bread,Bakery,71.03197673328296
2023-02-24,Bread,Bakery,84.81706537332039
2023-02-25,Bread,Bakery,77.83379023288825
2023-02-26,Bread,Bakery,92.06200086383035
2023-02-27,Bread,Bakery,89.47943372207087
2023-02-28,Bread,Bakery,94.06193461758728
2023-03-01,Bread,Bakery,81.78370005509292
2023-03-02,Bread,Bakery,95.61753505403223
2023-03-03,Bread,Bakery,95.53512487183713
2023-03-04,Bread,Bakery,111.50731791547511
2023-03-05,Bread,Bakery,101.50441701453049
2023-03-06,Bread,Bakery,113.4964761455148
2023-03-07,Bread,Bakery,110.45359964263446
2023-03-08,Bread,Bakery,105.34624090540133
2023-03-09,Bread,Bakery,126.14549761849796
2023-03-10,Bread,Bakery,105.82340053415824
2023-03-11,Bread,Bakery,103.353192931646
2023-03-12,Bread,Bakery,106.70959796156367
2023-03-13,Bread,Bakery,122.86907120377629
2023-03-14,Bread,Bakery,112.8100359154746
2023-03-15,Bread,Bakery,126.51309861885693
2023-03-16,Bread,Bakery,134.9612428743488
2023-03-17,Bread,Bakery,129.13999930324218
2023-03-18,Bread,Bakery,140.0375901609446
2023-03-19,Bread,Bakery,130.64504701631
2023-03-20,Bread,Bakery,115.95630036123816
2023-03-21,Bread,Bakery,115.96824025519317
2023-03-22,Bread,Bakery,141.68074739870144
2023-03-23,Bread,Bakery,135.0966943253526
2023-03-24,Bread,Bakery,135.2219167003932
2023-03-25,Bread,Bakery,116.06515501268879
2023-03-26,Bread,Bakery,110.63796724264841
2023-03-27,Bread,Bakery,108.9546133787047
2023-03-28,Bread,Bakery,125.03191293622339
2023-03-29,Bread,Bakery,133.8890769024655
2023-03-30,Bread,Bakery,103.54751578675285
2023-03-31,Bread,Bakery,120.03062569373654
2023-04-01,Bread,Bakery,108.3635545572527
2023-04-02,Bread,Bakery,119.57295087048057
2023-04-03,Bread,Bakery,96.68669742300743
2023-04-04,Bread,Bakery,110.73363270521185
2023-04-05,Bread,Bakery,88.74326276360074
2023-04-06,Bread,Bakery,104.74546638614572
2023-04-07,Bread,Bakery,89.7701965633106
2023-04-08,Bread,Bakery,99.84718120767172
2023-04-09,Bread,Bakery,100.00562612244215
2023-04-10,Bread,Bakery,87.27392318674036
2023-04-11,Bread,Bakery,73.67936667331891
2023-04-12,Bread,Bakery,89.24788053321353
2023-04-13,Bread,Bakery,68.00375937219373
2023-04-14,Bread,Bakery,80.96942570709253
2023-04-15,Bread,Bakery,61.16520592743039
2023-04-16,Bread,Bakery,63.6091272008499
2023-04-17,Bread,Bakery,78.3167373516158
2023-04-18,Bread,Bakery,66.30094951189436
2023-04-19,Bread,Bakery,70.57191309800525
2023-04-20,Bread,Bakery,70.13691240080868
2023-04-21,Bread,Bakery,55.0002938034789
2023-04-22,Bread,Bakery,63.16342235388032
2023-04-23,Bread,Bakery,82.62466812546047
2023-04-24,Bread,Bakery,82.37942250293733
2023-04-25,Bread,Bakery,62.420144230059734
2023-04-26,Bread,Bakery,73.73643475934715
2023-04-27,Bread,Bakery,88.31514215093873
2023-04-28,Bread,Bakery,64.140492482429
2023-04-29,Bread,Bakery,83.19424745668633
2023-04-30,Bread,Bakery,93.455886632889
2023-05-01,Bread,Bakery,94.90281245998695
2023-05-02,Bread,Bakery,74.51057606396196
2023-05-03,Bread,Bakery,92.25312153289514
2023-05-04,Bread,Bakery,102.10304625902597
2023-05-05,Bread,Bakery,82.03187473655072
2023-05-06,Bread,Bakery,101.01034307946398
2023-05-07,Bread,Bakery,105.00869141663411
2023-05-08,Bread,Bakery,94.99696124259826
2023-05-09,Bread,Bakery,110.94529475304617
2023-05-10,Bread,Bakery,102.8242331741308
2023-05-11,Bread,Bakery,97.60501110479923
2023-05-12,Bread,Bakery,107.25984393117122
2023-05-13,Bread,Bakery,108.7622054412167
2023-05-14,Bread,Bakery,122.08709286589807
2023-05-15,Bread,Bakery,114.21127669857346
2023-05-16,Bread,Bakery,109.11353279654863
2023-05-17,Bread,Bakery,120.77485444569487
2023-05-18,Bread,Bakery,139.17864226925386
2023-05-19,Bread,Bakery,137.31087008332315
2023-05-20,Bread,Bakery,138.1602250418493
2023-05-21,Bread,Bakery,131.7182206708461
2023-05-22,Bread,Bakery,136.97928166243753
2023-05-23,Bread,Bakery,143.94079958149086
2023-05-24,Bread,Bakery,123.6031589282384
2023-05-25,Bread,Bakery,115.96973329647832
2023-05-26,Bread,Bakery,119.04685166574049
2023-05-27,Bread,Bakery,138.84373516421513
2023-05-28,Bread,Bakery,125.37240493428803
2023-05-29,Bread,Bakery,133.6475620212595
2023-05-30,Bread,Bakery,121.68644048535928
2023-05-31,Bread,Bakery,128.5086352047135
2023-06-01,Bread,Bakery,121.13590608979966
2023-06-02,Bread,Bakery,126.59196066561398
2023-06-03,Bread,Bakery,112.90221719391836
2023-06-04,Bread,Bakery,95.09355070237106
2023-06-05,Bread,Bakery,91.1940244581339
2023-06-06,Bread,Bakery,103.23260956898332
2023-06-07,Bread,Bakery,114.23889551357811
2023-06-08,Bread,Bakery,93.24279449316955
2023-06-09,Bread,Bakery,83.27424255877432
2023-06-10,Bread,Bakery,80.36290050004804
2023-06-11,Bread,Bakery,99.53785748447973
2023-06-12,Bread,Bakery,92.82734040804601
2023-06-13,Bread,Bakery,76.25843186139662
2023-06-14,Bread,Bakery,73.85679952956158
2023-06-15,Bread,Bakery,65.64643972892631
2023-06-16,Bread,Bakery,79.64943764397105
2023-06-17,Bread,Bakery,74.8857466594076
2023-06-18,Bread,Bakery,73.37298899255487
2023-06-19,Bread,Bakery,59.12627961796895
2023-06-20,Bread,Bakery,75.1580752436133
2023-06-21,Bread,Bakery,78.4780498475507
2023-06-22,Bread,Bakery,76.09299801875211
2023-06-23,Bread,Bakery,78.00676706780966
2023-06-24,Bread,Bakery,55.220218585881
2023-06-25,Bread,Bakery,78.73121983595527
2023-06-26,Bread,Bakery,75.53466506245628
2023-06-27,Bread,Bakery,67.62252650626446
2023-06-28,Bread,Bakery,74.98393461543256
2023-06-29,Bread,Bakery,67.60528665015535
2023-06-30,Bread,Bakery,65.47038259684972
2023-07-01,Bread,Bakery,69.560587033335
2023-07-02,Bread,Bakery,73.85501532781147
2023-07-03,Bread,Bakery,88.33074231119805
2023-07-04,Bread,Bakery,100.96303133784309
2023-07-05,Bread,Bakery,76.72558144591163
2023-07-06,Bread,Bakery,92.59079014790137
2023-07-07,Bread,Bakery,109.53002922557404
2023-07-08,Bread,Bakery,107.51393077364898
2023-07-09,Bread,Bakery,88.51268063420434
2023-07-10,Bread,Bakery,113.49631628988857
2023-07-11,Bread,Bakery,120.43502623948879
2023-07-12,Bread,Bakery,112.29944786459686
2023-07-13,Bread,Bakery,111.06096081118679
2023-07-14,Bread,Bakery,117.69197295473089
2023-07-15,Bread,Bakery,104.16619609158803
2023-07-16,Bread,Bakery,126.45890860204406
2023-07-17,Bread,Bakery,109.54720246056445
2023-07-18,Bread,Bakery,124.41021212521316
2023-07-19,Bread,Bakery,139.02932301925
2023-01-01,Rice,Grocery,113.0
2023-01-02,Rice,Grocery,110.99500249940485
2023-01-03,Rice,Grocery,110.96007992385184
2023-01-04,Rice,Grocery,116.86560619984019
2023-01-05,Rice,Grocery,116.68255026925951
2023-01-06,Rice,Grocery,132.3827661581261
2023-01-07,Rice,Grocery,141.93927420185105
2023-01-08,Rice,Grocery,139.32653061713074
2023-01-09,Rice,Grocery,145.52068272698568
2023-01-10,Rice,Grocery,151.4998072888245
2023-01-11,Rice,Grocery,137.2441295442369
2023-01-12,Rice,Grocery,137.73622080184305
2023-01-13,Rice,Grocery,134.9611725790168
2023-01-14,Rice,Grocery,149.9067455625158
2023-01-15,Rice,Grocery,134.5634918996538
2023-01-16,Rice,Grocery,149.92484959812163
2023-01-17,Rice,Grocery,145.98720809124515
2023-01-18,Rice,Grocery,160.74994431357405
2023-01-19,Rice,Grocery,152.21542892634585
2023-01-20,Rice,Grocery,154.38900263062243
2023-01-21,Rice,Grocery,154.27892280477045
2023-01-22,Rice,Grocery,151.89628099946623
2023-01-23,Rice,Grocery,142.2548921145877
2023-01-24,Rice,Grocery,156.3711563653016
2023-01-25,Rice,Grocery,130.26389541653452
2023-01-26,Rice,Grocery,127.95416432311869
2023-01-27,Rice,Grocery,132.46504115464393
2023-01-28,Rice,Grocery,135.8213964070149
2023-01-29,Rice,Grocery,136.04964450467716
2023-01-30,Rice,Grocery,119.17747987641947
2023-01-31,Rice,Grocery,135.233600241796
2023-02-01,Rice,Grocery,132.2474198729987
2023-02-02,Rice,Grocery,104.2487756971726
2023-02-03,Rice,Grocery,120.26762917570255
2023-02-04,Rice,Grocery,126.33376693919506
2023-02-05,Rice,Grocery,94.4765031693114
2023-02-06,Rice,Grocery,118.72438670115443
2023-02-07,Rice,Grocery,103.1049157727452
2023-02-08,Rice,Grocery,86.64426327171843
2023-02-09,Rice,Grocery,88.36701522448078
2023-02-10,Rice,Grocery,109.29592514076215
2023-02-11,Rice,Grocery,108.4516866680677
2023-02-12,Rice,Grocery,93.85272682759236
2023-02-13,Rice,Grocery,95.51502189751635
2023-02-14,Rice,Grocery,79.45193778331452
2023-02-15,Rice,Grocery,77.67409647004709
2023-02-16,Rice,Grocery,91.18926989099607
2023-02-17,Rice,Grocery,91.00230227307698
2023-02-18,Rice,Grocery,86.11506173492478
2023-02-19,Rice,Grocery,102.52642162127003
2023-02-20,Rice,Grocery,105.23227176010585
2023-02-21,Rice,Grocery,105.22555953016803
2023-02-22,Rice,Grocery,91.49636032839541
2023-02-23,Rice,Grocery,100.03197673328296
2023-02-24,Rice,Grocery,86.81706537332039
2023-02-25,Rice,Grocery,85.83379023288825
2023-02-26,Rice,Grocery,113.06200086383035
2023-02-27,Rice,Grocery,96.47943372207087
2023-02-28,Rice,Grocery,95.06193461758728
2023-03-01,Rice,Grocery,116.78370005509292
2023-03-02,Rice,Grocery,124.61753505403223
2023-03-03,Rice,Grocery,115.53512487183713
2023-03-04,Rice,Grocery,115.50731791547511
2023-03-05,Rice,Grocery,125.50441701453049
2023-03-06,Rice,Grocery,110.4964761455148
2023-03-07,Rice,Grocery,138.45359964263446
2023-03-08,Rice,Grocery,114.34624090540133
2023-03-09,Rice,Grocery,136.14549761849796
2023-03-10,Rice,Grocery,147.82340053415822
2023-03-11,Rice,Grocery,142.353192931646
2023-03-12,Rice,Grocery,146.70959796156367
2023-03-13,Rice,Grocery,126.86907120377629
2023-03-14,Rice,Grocery,130.8100359154746
2023-03-15,Rice,Grocery,147.51309861885693
2023-03-16,Rice,Grocery,155.9612428743488
2023-03-17,Rice,Grocery,142.13999930324218
2023-03-18,Rice,Grocery,155.0375901609446
2023-03-19,Rice,Grocery,159.64504701631
2023-03-20,Rice,Grocery,136.95630036123816
2023-03-21,Rice,Grocery,141.96824025519317
2023-03-22,Rice,Grocery,147.68074739870144
2023-03-23,Rice,Grocery,157.0966943253526
2023-03-24,Rice,Grocery,150.2219167003932
2023-03-25,Rice,Grocery,146.0651550126888
2023-03-26,Rice,Grocery,151.63796724264841
2023-03-27,Rice,Grocery,150.95461337870472
2023-03-28,Rice,Grocery,128.0319129362234
2023-03-29,Rice,Grocery,150.8890769024655
2023-03-30,Rice,Grocery,131.54751578675285
2023-03-31,Rice,Grocery,121.03062569373654
2023-04-01,Rice,Grocery,142.3635545572527
2023-04-02,Rice,Grocery,130.57295087048055
2023-04-03,Rice,Grocery,118.68669742300743
2023-04-04,Rice,Grocery,108.73363270521185
2023-04-05,Rice,Grocery,113.74326276360074
2023-04-06,Rice,Grocery,112.74546638614572
2023-04-07,Rice,Grocery,120.7701965633106
2023-04-08,Rice,Grocery,111.84718120767172
2023-04-09,Rice,Grocery,100.00562612244215
2023-04-10,Rice,Grocery,119.27392318674036
2023-04-11,Rice,Grocery,97.67936667331891
2023-04-12,Rice,Grocery,108.24788053321353
2023-04-13,Rice,Grocery,109.00375937219373
2023-04-14,Rice,Grocery,83.96942570709253
2023-04-15,Rice,Grocery,97.16520592743039
2023-04-16,Rice,Grocery,102.6091272008499
2023-04-17,Rice,Grocery,100.3167373516158
2023-04-18,Rice,Grocery,88.30094951189436
2023-04-19,Rice,Grocery,102.57191309800525
2023-04-20,Rice,Grocery,100.13691240080868
2023-04-21,Rice,Grocery,81.0002938034789
2023-04-22,Rice,Grocery,99.16342235388032
2023-04-23,Rice,Grocery,78.62466812546047
2023-04-24,Rice,Grocery,88.37942250293733
2023-04-25,Rice,Grocery,96.42014423005973
2023-04-26,Rice,Grocery,78.73643475934715
2023-04-27,Rice,Grocery,87.31514215093873
2023-04-28,Rice,Grocery,95.140492482429
2023-04-29,Rice,Grocery,99.19424745668633
2023-04-30,Rice,Grocery,99.455886632889
2023-05-01,Rice,Grocery,99.90281245998695
2023-05-02,Rice,Grocery,109.51057606396196
2023-05-03,Rice,Grocery,116.25312153289514
2023-05-04,Rice,Grocery,111.10304625902597
2023-05-05,Rice,Grocery,127.03187473655072
2023-05-06,Rice,Grocery,104.01034307946398
2023-05-07,Rice,Grocery,107.00869141663411
2023-05-08,Rice,Grocery,130.99696124259827
2023-05-09,Rice,Grocery,132.94529475304617
2023-05-10,Rice,Grocery,132.8242331741308
2023-05-11,Rice,Grocery,141.60501110479925
2023-05-12,Rice,Grocery,145.25984393117122
2023-05-13,Rice,Grocery,151.76220544121668
2023-05-14,Rice,Grocery,153.08709286589806
2023-05-15,Rice,Grocery,148.21127669857344
2023-05-16,Rice,Grocery,154.1135327965486
2023-05-17,Rice,Grocery,155.77485444569487
2023-05-18,Rice,Grocery,153.17864226925386
2023-05-19,Rice,Grocery,149.31087008332315
2023-05-20,Rice,Grocery,153.1602250418493
2023-05-21,Rice,Grocery,143.7182206708461
2023-05-22,Rice,Grocery,139.97928166243753
2023-05-23,Rice,Grocery,148.94079958149086
2023-05-24,Rice,Grocery,155.6031589282384
2023-05-25,Rice,Grocery,143.96973329647832
2023-05-26,Rice,Grocery,160.0468516657405
2023-05-27,Rice,Grocery,135.84373516421513
2023-05-28,Rice,Grocery,130.37240493428803
2023-05-29,Rice,Grocery,135.6475620212595
2023-05-30,Rice,Grocery,146.6864404853593
2023-05-31,Rice,Grocery,151.5086352047135
2023-06-01,Rice,Grocery,133.13590608979968
2023-06-02,Rice,Grocery,130.59196066561398
2023-06-03,Rice,Grocery,120.90221719391836
2023-06-04,Rice,Grocery,120.09355070237106
2023-06-05,Rice,Grocery,114.1940244581339
2023-06-06,Rice,Grocery,113.23260956898332
2023-06-07,Rice,Grocery,117.23889551357811
2023-06-08,Rice,Grocery,121.24279449316955
2023-06-09,Rice,Grocery,128.27424255877432
2023-06-10,Rice,Grocery,110.36290050004804
2023-06-11,Rice,Grocery,95.53785748447973
2023-06-12,Rice,Grocery,112.82734040804601
2023-06-13,Rice,Grocery,95.25843186139662
2023-06-14,Rice,Grocery,104.85679952956158
2023-06-15,Rice,Grocery,98.64643972892631
2023-06-16,Rice,Grocery,93.64943764397105
2023-06-17,Rice,Grocery,96.8857466594076
2023-06-18,Rice,Grocery,105.37298899255487
2023-06-19,Rice,Grocery,86.12627961796895
2023-06-20,Rice,Grocery,105.1580752436133
2023-06-21,Rice,Grocery,93.4780498475507
2023-06-22,Rice,Grocery,91.09299801875211
2023-06-23,Rice,Grocery,98.00676706780966
2023-06-24,Rice,Grocery,93.220218585881
2023-06-25,Rice,Grocery,102.73121983595527
2023-06-26,Rice,Grocery,101.53466506245628
2023-06-27,Rice,Grocery,99.62252650626446
2023-06-28,Rice,Grocery,103.98393461543256
2023-06-29,Rice,Grocery,84.60528665015535
2023-06-30,Rice,Grocery,107.47038259684972
2023-07-01,Rice,Grocery,104.560587033335
2023-07-02,Rice,Grocery,115.85501532781147
2023-07-03,Rice,Grocery,111.33074231119805
2023-07-04,Rice,Grocery,99.96303133784309
2023-07-05,Rice,Grocery,105.72558144591163
2023-07-06,Rice,Grocery,117.59079014790137
2023-07-07,Rice,Grocery,100.53002922557404
2023-07-08,Rice,Grocery,128.51393077364898
2023-07-09,Rice,Grocery,131.51268063420434
2023-07-10,Rice,Grocery,109.49631628988857
2023-07-11,Rice,Grocery,126.43502623948879
2023-07-12,Rice,Grocery,116.29944786459686
2023-07-13,Rice,Grocery,147.0609608111868
2023-07-14,Rice,Grocery,141.6919729547309
2023-07-15,Rice,Grocery,138.16619609158803
2023-07-16,Rice,Grocery,149.45890860204406
2023-07-17,Rice,Grocery,134.54720246056445
2023-07-18,Rice,Grocery,141.41021212521315
2023-07-19,Rice,Grocery,151.02932301925
